,F1-Macro,F1-Micro,F1-Weighted,Precision-Macro,Precision-Micro,Precision-Weighted,Recall-Macro,Recall-Micro,Recall-Weighted
0,0.46861924686192474,0.8818897637795275,0.8486805258129346,0.45161290322580644,0.8818897637795275,0.8178816357632716,0.48695652173913045,0.8818897637795275,0.8818897637795275
1,0.4746639089968976,0.9035433070866141,0.8596275517266649,0.4526627218934911,0.9035433070866141,0.8197828821693146,0.4989130434782609,0.9035433070866141,0.9035433070866141
2,0.46861924686192474,0.8818897637795275,0.8486805258129346,0.45161290322580644,0.8818897637795275,0.8178816357632716,0.48695652173913045,0.8818897637795275,0.8818897637795275
